{
  Abu Dhabi: Arabian Standard Time,
  Adelaide: Cen. Australia Standard Time,
  Alaska: Alaskan Standard Time,
  Almaty: West Asia Standard Time,
  American Samoa: UTC-11,
  Amsterdam: W. Europe Standard Time,
  Arizona: US Mountain Standard Time,
  Astana: West Asia Standard Time,
  Athens: GTB Standard Time,
  Atlantic Time (Canada): Atlantic Standard Time,
  Auckland: New Zealand Standard Time,
  Azores: Azores Standard Time,
  Baghdad: Arabic Standard Time,
  Baku: Azerbaijan Standard Time,
  Bangkok: SE Asia Standard Time,
  Beijing: China Standard Time,
  Belgrade: Central Europe Standard Time,
  Berlin: W. Europe Standard Time,
  Bern: W. Europe Standard Time,
  Bogota: SA Pacific Standard Time,
  Brasilia: E. South America Standard Time,
  Bratislava: Central Europe Standard Time,
  Brisbane: E. Australia Standard Time,
  Brussels: Romance Standard Time,
  Bucharest: GTB Standard Time,
  Budapest: Central Europe Standard Time,
  Buenos Aires: Argentina Standard Time,
  Cairo: Egypt Standard Time,
  Canberra: AUS Eastern Standard Time,
  Cape Verde Is.: Cape Verde Standard Time,
  Caracas: Venezuela Standard Time,
  Casablanca: Morocco Standard Time,
  Central America: Central America Standard Time,
  Central Time (US & Canada): Central Standard Time,
  Chatham Is.: Chatham Islands Standard Time,
  Chennai: India Standard Time,
  Chihuahua: Central Standard Time (Mexico),
  Chongqing: China Standard Time,
  Copenhagen: Romance Standard Time,
  Darwin: AUS Central Standard Time,
  Dhaka: Bangladesh Standard Time,
  Dublin: GMT Standard Time,
  Eastern Time (US & Canada): Eastern Standard Time,
  Edinburgh: GMT Standard Time,
  Ekaterinburg: Ekaterinburg Standard Time,
  Fiji: Fiji Standard Time,
  Georgetown: SA Western Standard Time,
  Greenland: Greenland Standard Time,
  Guadalajara: Central Standard Time (Mexico),
  Guam: West Pacific Standard Time,
  Hanoi: SE Asia Standard Time,
  Harare: South Africa Standard Time,
  Hawaii: Hawaiian Standard Time,
  Helsinki: FLE Standard Time,
  Hobart: Tasmania Standard Time,
  Hong Kong: China Standard Time,
  Indiana (East): US Eastern Standard Time,
  International Date Line West: Dateline Standard Time,
  Irkutsk: North Asia East Standard Time,
  Islamabad: Pakistan Standard Time,
  Istanbul: Turkey Standard Time,
  Jakarta: SE Asia Standard Time,
  Jerusalem: Israel Standard Time,
  Kabul: Afghanistan Standard Time,
  Kaliningrad: Kaliningrad Standard Time,
  Kamchatka: Russia Time Zone 11,
  Karachi: Pakistan Standard Time,
  Kathmandu: Nepal Standard Time,
  Kolkata: India Standard Time,
  Krasnoyarsk: North Asia Standard Time,
  Kuala Lumpur: Singapore Standard Time,
  Kuwait: Arab Standard Time,
  Kyiv: FLE Standard Time,
  La Paz: SA Western Standard Time,
  Lima: SA Pacific Standard Time,
  Lisbon: GMT Standard Time,
  Ljubljana: Central Europe Standard Time,
  London: GMT Standard Time,
  Madrid: Romance Standard Time,
  Magadan: Magadan Standard Time,
  Marshall Is.: UTC+12,
  Mazatlan: Mountain Standard Time (Mexico),
  Melbourne: AUS Eastern Standard Time,
  Mexico City: Central Standard Time (Mexico),
  Mid-Atlantic: UTC-02,
  Midway Island: UTC-11,
  Minsk: Belarus Standard Time,
  Monrovia: Greenwich Standard Time,
  Monterrey: Central Standard Time (Mexico),
  Montevideo: Montevideo Standard Time,
  Moscow: Russian Standard Time,
  Mountain Time (US & Canada): Mountain Standard Time,
  Mumbai: India Standard Time,
  Muscat: Arabian Standard Time,
  Nairobi: E. Africa Standard Time,
  New Caledonia: Central Pacific Standard Time,
  New Delhi: India Standard Time,
  Newfoundland: Newfoundland Standard Time,
  Novosibirsk: N. Central Asia Standard Time,
  Nuku'alofa: Tonga Standard Time,
  Osaka: Tokyo Standard Time,
  Pacific Time (US & Canada): Pacific Standard Time,
  Paris: Romance Standard Time,
  Perth: W. Australia Standard Time,
  Port Moresby: West Pacific Standard Time,
  Prague: Central Europe Standard Time,
  Pretoria: South Africa Standard Time,
  Puerto Rico: SA Western Standard Time,
  Quito: SA Pacific Standard Time,
  Rangoon: Myanmar Standard Time,
  Riga: FLE Standard Time,
  Riyadh: Arab Standard Time,
  Rome: W. Europe Standard Time,
  Samara: Russia Time Zone 3,
  Samoa: Samoa Standard Time,
  Santiago: Pacific SA Standard Time,
  Sapporo: Tokyo Standard Time,
  Sarajevo: Central European Standard Time,
  Saskatchewan: Canada Central Standard Time,
  Seoul: Korea Standard Time,
  Singapore: Singapore Standard Time,
  Skopje: Central European Standard Time,
  Sofia: FLE Standard Time,
  Solomon Is.: Central Pacific Standard Time,
  Srednekolymsk: Russia Time Zone 10,
  Sri Jayawardenepura: Sri Lanka Standard Time,
  St. Petersburg: Russian Standard Time,
  Stockholm: W. Europe Standard Time,
  Sydney: AUS Eastern Standard Time,
  Taipei: Taipei Standard Time,
  Tallinn: FLE Standard Time,
  Tashkent: West Asia Standard Time,
  Tbilisi: Georgian Standard Time,
  Tehran: Iran Standard Time,
  Tijuana: Pacific Standard Time (Mexico),
  Tokelau Is.: UTC+13,
  Tokyo: Tokyo Standard Time,
  UTC: UTC,
  Ulaanbaatar: Ulaanbaatar Standard Time,
  Urumqi: Central Asia Standard Time,
  Vienna: W. Europe Standard Time,
  Vilnius: FLE Standard Time,
  Vladivostok: Vladivostok Standard Time,
  Volgograd: Volgograd Standard Time,
  Warsaw: Central European Standard Time,
  Wellington: New Zealand Standard Time,
  West Central Africa: W. Central Africa Standard Time,
  Yakutsk: Yakutsk Standard Time,
  Yerevan: Caucasus Standard Time,
  Zagreb: Central European Standard Time,
  Zurich: W. Europe Standard Time
}